author,title,description,url,urlToImage,publishedAt,content,source.id,source.name
,War Department pushes back on 'false' narrative of internal strategy split,The Department of War pushes back against reports of senior officer concerns about the National Defense Strategy's development and priorities.,https://www.foxnews.com/politics/war-department-pushes-back-false-narrative-internal-strategy-split,https://static.foxnews.com/foxnews.com/content/uploads/2025/03/pentagon-jobs-featured.jpg,2025-10-02T01:48:18Z,"Rejecting reports of a split with the brass, the Department of War says the National Defense Strategy was ""seamlessly coordinated"" with senior civilian and uniform leaders and that ""any narrative to … [+2593 chars]",fox-news,Fox News
,Michigan church shooter's family reacts to viral fundraising effort by community faith members,Thomas Jacob Sanford's family receives support from the same faith community he targeted in a deadly Michigan church shooting that killed four people.,https://www.foxnews.com/us/michigan-church-shooters-family-reacts-viral-fundraising-effort-community-faith-members,https://static.foxnews.com/foxnews.com/content/uploads/2025/09/mi-church-shooting_03.jpg,2025-10-02T01:46:56Z,"The family of Thomas Jacob Sanford, the shooter who killed four people in an attack on a church in Michigan, says theyve been overwhelmed with gratitude for the outpouring of love and support theyve … [+3359 chars]",fox-news,Fox News
,How Mikie Sherrill’s family made millions after she was elected to Congress,"Mikie Sherrill faces growing scrutiny as her personal wealth increased significantly during her time in Congress, making her one of New Jersey's richest lawmakers.",https://www.foxnews.com/politics/how-mikie-sherrills-family-made-millions-after-she-elected-congress,https://static.foxnews.com/foxnews.com/content/uploads/2023/09/GettyImages-1470377536.jpg,2025-10-02T01:08:37Z,New Jersey gubernatorial hopeful Mikie Sherrill has become one of the Garden States richest lawmakers in Congress six years after getting elected to Washington buoyed by a portfolio of luxe propertie… [+5289 chars],fox-news,Fox News
,Speaker Johnson blames House Dems for 'terribly selfish' government shutdown,"Johnson criticized Dems for rejecting a spending measure and attempting to undo Medicaid reforms, calling their move a “terribly selfish decision"" that leaves Americans paying the price.",https://www.foxnews.com/media/speaker-johnson-blames-house-dems-terribly-selfish-government-shutdown,https://static.foxnews.com/foxnews.com/content/uploads/2025/10/chuck-schumer-and-mike-johnson.png,2025-10-02T01:04:13Z,"Speaker of the House Mike Johnson defended Republicans' handling of the government shutdown and squarely blamed Democrats for causing what he described as a ""terribly selfish decision,"" during an int… [+2943 chars]",fox-news,Fox News
,"Musk joins Netflix exodus over pro-trans cartoon, whose creator was accused of condemning Charlie Kirk",Elon Musk canceled his Netflix subscription amid controversy over a pro-trans cartoon and creator Hamish Steele's alleged comment about Charlie Kirk shortly after his death.,https://www.foxnews.com/media/musk-joins-netflix-exodus-over-pro-trans-cartoon-whose-creator-accused-condemning-charlie-kirk,https://static.foxnews.com/foxnews.com/content/uploads/2025/09/elon-musk.jpg,2025-10-02T01:00:28Z,"Billionaire Elon Musk joined a growing campaign to cancel Netflix after the creator of a pro-transgender cartoon for children allegedly condemned activist Charlie Kirk following his death.
The Netfl… [+2681 chars]",fox-news,Fox News
,Padres' Mason Miller makes MLB Postseason history in stellar Game 2 outing vs Cubs,"San Diego Padres reliever Mason Miller threw a record-breaking 104.5 mph fastball against the Chicago Cubs, the fastest postseason pitch since 2008.",https://www.foxnews.com/sports/padres-mason-miller-makes-mlb-postseason-history-stellar-game-2-outing-vs-cubs,https://static.foxnews.com/foxnews.com/content/uploads/2025/10/mason-miller-mlb-record-1.jpg,2025-10-02T01:00:20Z,"San Diego Padres star reliever Mason Miller made MLB postseason history on Wednesday night in an effort to keep his teams season alive. 
The Padres needed a win in Game 2 of their Wild Card series a… [+2030 chars]",fox-news,Fox News
,"Federal agents raid Dallas strip club, arrest 41 illegal immigrants in human trafficking investigation","HSI Dallas executed a search warrant at a Dallas strip club, taking 41 suspected illegal immigrants into custody as part of a human trafficking investigation.",https://www.foxnews.com/us/federal-agents-raid-dallas-strip-club-arrest-illegal-immigrants-human-trafficking-investigation,https://static.foxnews.com/foxnews.com/content/uploads/2025/10/dallas-club-trafficking-split-fox-news-001.jpg,2025-10-02T00:38:31Z,"Federal agents peeled back the curtain at a Dallas strip club, arresting dozens of suspected illegal immigrants and seizing tens of thousands of dollars in U.S. cash.
Homeland Security Investigation… [+2491 chars]",fox-news,Fox News
,Kim Kardashian says someone 'extremely close' to her put out a hit on her life,"Kim Kardashian revealed in ""The Kardashians"" season seven trailer that someone extremely close to her put a hit out on her life, leaving her terrified.",https://www.foxnews.com/entertainment/kim-kardashian-someone-extremely-close-put-out-hit-life,https://static.foxnews.com/foxnews.com/content/uploads/2025/10/kim-kardashian-hit.jpg,2025-10-02T00:32:22Z,"Kim Kardashian was left terrified after learning someone put out a hit on her life.
""I got a call from investigators,"" Kim revealed in the trailer for the next season of ""The Kardashians.""
""Someone… [+2236 chars]",fox-news,Fox News
,"Keith Urban, Nicole Kidman divorce sends shockwaves amid whispers of 'another woman'","Following Nicole Kidman's divorce filing, rumors are spreading throughout Nashville music circles that Keith Urban may already be with another woman.",https://www.foxnews.com/entertainment/keith-urban-nicole-kidman-divorce-sends-shockwaves-amid-whispers-another-woman,https://static.foxnews.com/foxnews.com/content/uploads/2022/10/nicole-kidman-keith-urban.jpg,2025-10-02T00:14:23Z,"Nicole Kidman filing for divorce from Keith Urban sent shockwaves among fans, and now there are rumors swirling there may be a new woman in the country stars life.
An insider told Fox News Digital t… [+2426 chars]",fox-news,Fox News
,Skin DNA breakthrough could let 60-year-old women have genetically related kids,"Researchers develop experimental method to convert skin cells into eggs, potentially allowing older women and same-sex couples to have genetically related children.",https://www.foxnews.com/health/embryos-human-skin-dna-women-kids-scientist,https://static.foxnews.com/foxnews.com/content/uploads/2025/10/skin-dna-pregnancy.jpg,2025-10-02T00:07:38Z,"Women in their 60s and 70s could theoretically one day give birth to genetically related children, say scientists pioneering a breakthrough technique that converts DNA from skin cells into human eggs… [+3199 chars]",fox-news,Fox News
,Rogan calls out media for fussing over Jimmy Kimmel as UK govt arrests people for online speech,"Joe Rogan warned that UK's 12,000 arrests for online speech represent an Orwellian nightmare, lamenting that while American media has been focused on Jimmy Kimmel's show suspension.",https://www.foxnews.com/media/rogan-calls-out-media-fussing-over-jimmy-kimmel-uk-govt-arrests-people-online-speech,https://static.foxnews.com/foxnews.com/content/uploads/2021/07/Joe-Rogan.jpeg,2025-10-02T00:00:00Z,"Podcaster Joe Rogan criticized the American media for focusing on late-night host Jimmy Kimmel instead of what he called a dangerous erosion of free speech in the United Kingdom.
Kimmels comments ab… [+2589 chars]",fox-news,Fox News
,Drunk 13-year-old crashes stolen vehicle with 11-year-old passenger inside in Arizona,"Intoxicated 13-year-old crashed stolen vehicle at high speed on Arizona highway, sending both children to hospital with non-life-threatening injuries after violent wreck.",https://www.foxnews.com/us/13-year-old-girl-drives-drunk-crashes-stolen-car-11-year-old-passenger-seat,https://static.foxnews.com/foxnews.com/content/uploads/2025/10/teen-driver-drunk-crash-arizona.jpg,2025-10-02T02:47:02Z,"A drunken teen allegedly crashed a stolen vehicle with an 11-year-old passenger inside, after flipping over on a highway in Arizona, according to media reports.
The incident happened around 1 a.m. T… [+2153 chars]",fox-news,Fox News
,Portland police seek public's help after 'safe space' officer loses track of assault suspect near ICE facility,"Portland police investigate an assault case near the ICE building after a woman with a septum piercing fled from a ""dialogue liaison officer.""",https://www.foxnews.com/us/portland-police-seek-publics-help-after-safe-space-officer-loses-track-assault-suspect-near-ice-facility,https://static.foxnews.com/foxnews.com/content/uploads/2025/10/split.png,2025-10-02T02:12:39Z,"Police are seeking the public's help in finding a woman accused of assault near the Immigration and Customs Enforcement (ICE) building in Portland, Oregon, after one of its ""dialogue liaison officers… [+2986 chars]",fox-news,Fox News
,Two Delta regional jets collide on taxiway at LaGuardia Airport; 1 injured,Aircraft collision between two CRJ-900 regional jets at LaGuardia Airport sends one person to hospital while passengers are safely bused back to the terminal.,https://www.foxnews.com/us/two-delta-regional-jets-collide-taxiway-laguardia-airport-1-injured,https://static.foxnews.com/foxnews.com/content/uploads/2022/08/laguardia-airport.jpg,2025-10-02T05:08:39Z,"Two Canadair jets operated by Endeavor Air, a subsidiary of Delta Air Lines, collided on a taxiway at LaGuardia Airport in New York Wednesday night.
The incident took place at 9:58 p.m. between two … [+1869 chars]",fox-news,Fox News
,Federal government shutdown sparks blame game in crucial race for governor,"New Jersey gubernatorial candidates Jack Ciattarelli and Rep. Mikie Sherrill clash over government shutdown blame in the high profile showdown, one of only two 2025 elections for governor",https://www.foxnews.com/politics/federal-government-shutdown-impacts-crucial-race-governor,https://static.foxnews.com/foxnews.com/content/uploads/2025/09/mikie-sherrill-and-jack-ciattarelli.png,2025-10-02T04:37:22Z,"MADISON, N.J. - EXCLUSIVE - The nation's capital isn't the only battlefield in the blame game between Democrats and Republicans over the first federal government shutdown in seven years.
The verbal … [+7480 chars]",fox-news,Fox News
,Democrats at a big disadvantage in shutdown as Trump starts slashing their programs,"Democrats walked into a shutdown trap, outshouted by Trump’s messaging machine and stuck defending healthcare points that are hard to get across.",https://www.foxnews.com/politics/democrats-big-disadvantage-shutdown-trump-starts-slashing-programs,https://static.foxnews.com/foxnews.com/content/uploads/2025/09/chuck-schumer-with-his-arms-up.jpg,2025-10-02T07:00:56Z,"The Democrats are taking a big gamble by going along with a government shutdown, one that they will probably lose.
The most important reason is that President Trump has a giant megaphone. Hakeem Jef… [+4991 chars]",fox-news,Fox News
,Buy yourself a life-sized T-Rex and six other absolutely nuts stories from September,"A few crazy stories: The Bureau of Labor Statistics revised job data showing 911,000 fewer jobs than reported during President Joe Biden's term, plus dinosaur park sales and skateboard auctions.",https://www.foxnews.com/opinion/buy-yourself-life-sized-t-rex-six-other-absolutely-nuts-stories-from-september,https://static.foxnews.com/foxnews.com/content/uploads/2023/02/Jurassic-Retreat-T-rex-Figure-Outside.jpg,2025-10-02T09:00:53Z,"1. For those of you who loved ""Jurassic Park"" and its many sequels, I have got a deal for you. How about owning your personal, life-sized dinosaur? Want a 39-foot-tall, animatronic T-Rex? Or maybe a … [+6392 chars]",fox-news,Fox News
,Kennedy Center board member says families are 'welcome' again as gala breaks fundraising records,The Kennedy Center celebrated the National Symphony Orchestra's 95th anniversary with a gala featuring Music Director Gianandrea Noseda and works by Copland and Tchaikovsky.,https://www.foxnews.com/media/kennedy-center-board-member-says-families-welcome-again-gala-breaks-fundraising-records,https://static.foxnews.com/foxnews.com/content/uploads/2025/04/kennedy-center.png,2025-10-02T09:00:31Z,"WASHINGTON, D.C. TheKennedy Center celebrated The National Symphony Orchestra's (NSO) 95th anniversary season with a gala on Saturday, and one official praised the center for creating an environment … [+5254 chars]",fox-news,Fox News
,MORNING GLORY: The Beltway bubble leads Democrats off a political cliff,"Democratic Senate Leader Chuck Schumer faces mounting pressure as government shutdown continues, with some observers predicting rising costs for Democrats.",https://www.foxnews.com/opinion/morning-glory-beltway-bubble-leads-democrats-off-political-cliff,https://static.foxnews.com/foxnews.com/content/uploads/2025/06/schumer-capitol.jpg,2025-10-02T09:00:29Z,"If you want to know the headlines that the few thousand people who run Washington read in the morning, check the three big platforms that used to be big newspapers the New York Times, The Wall Street… [+7205 chars]",fox-news,Fox News
,Kamala Harris blames everyone but the Black voters who rejected her,"Many Black voters shifted away from the Democratic Party in the 2024 election, with Trump receiving 21% of Black men's votes, contributing to Harris's defeat.",https://www.foxnews.com/opinion/kamala-harris-blames-everyone-black-voters-who-rejected-her,https://static.foxnews.com/foxnews.com/content/uploads/2025/09/kamala-harris-the-view.jpg,2025-10-02T09:00:10Z,"Lets get one thing straight: Vice President Kamala Harris didnt singularly lose because of President Joe Biden. She didnt lose because of so-called racism. She didnt lose because of ""misinformation,""… [+4464 chars]",fox-news,Fox News
Fox News,Portland police seek public’s help after ‘safe space’ officer loses track of assault suspect near ICE facility,Law enforcement has not released information regarding the alleged assault.,https://www.foxnews.com/us/portland-police-seek-publics-help-after-safe-space-officer-loses-track-assault-suspect-near-ice-facility?intcmp=tw_fnc&#038;taid=68de06e4d54062000171336d&#038;utm_campaign=trueanthem&#038;utm_medium=social&#038;utm_source=twitter,https://nypost.com/wp-content/uploads/sites/2/2025/10/112627347.jpg?quality=75&strip=all&w=1024,2025-10-02T08:58:26Z,"Police are seeking the public’s help in finding a woman accused of assault near the Immigration and Customs Enforcement (ICE) building in Portland, Ore. after one of its “dialogue liaison officers,” … [+3025 chars]",fox-news,Fox News
,Chicago-area mayor insists 'we don't need' Guard troops despite repeated anti-ICE clashes,Broadview Mayor Katrina Thompson says her community doesn't want National Guard troops as President Donald Trump plans Chicago area deployment.,https://www.foxnews.com/politics/chicago-area-mayor-insists-we-dont-need-guard-troops-despite-repeated-anti-ice-clashes,https://static.foxnews.com/foxnews.com/content/uploads/2025/10/katrina-thompson-broadview-mayor-presser-ice-clash-display.jpg,2025-10-02T11:55:51Z,The mayor of a small town outside of Chicago on Tuesday insisted her community doesnt want National Guard troops deployed to the area after weeks of protesters clashing with U.S. Immigration and Cust… [+1986 chars],fox-news,Fox News
,Coffee shop that honored Charlie Kirk sees huge sales surge after it's 'flooded with righteous people',"Invita Café in Rancho Santa Fe faced backlash for supporting Charlie Kirk with coffee cup stickers, but community support led to a 312% sales increase.",https://www.foxnews.com/food-drink/coffee-shop-honored-charlie-kirk-sees-huge-sales-surge-after-its-flooded-righteous-people,https://static.foxnews.com/foxnews.com/content/uploads/2025/10/charlie-kirk-california-coffee-shop-fox-news.jpg,2025-10-02T11:30:48Z,"A California coffee shop owner said her business was ""flooded with righteous people"" after coming under fire for supporting Charlie Kirk.
Following the assassination of the Turning Point USA founder… [+2925 chars]",fox-news,Fox News
,How Trump wants to reshape the federal government during the shutdown and more top headlines,Get all the stories you need-to-know from the most powerful name in news delivered first thing every morning to your inbox.,https://www.foxnews.com/us/how-trump-wants-reshape-federal-government-during-shutdown-more-top-headlines,https://static.foxnews.com/foxnews.com/content/uploads/2025/10/president-trump.jpg,2025-10-02T11:22:03Z,"Good morning and welcome to Fox News' morning newsletter, Fox News First. And here's what you need to know to start your day ...
TOP 3
1. How Trump wants to reshape the federal government during th… [+3332 chars]",fox-news,Fox News
,Portland city council member recommends burner phones and encrypted apps for ICE protesters in FB video,Portland City Council member Angelita Morillo posted a video to her Facebook account on Monday advising constituents how to avoid immigration officers.,https://www.foxnews.com/media/portland-city-council-member-recommends-burner-phones-encrypted-apps-ice-protesters-fb-video,https://static.foxnews.com/foxnews.com/content/uploads/2025/09/portland-ice-protest-police-sept-2025.jpg,2025-10-02T11:19:35Z,"Portland City Council member Angelita Morillo this week advised residents to buy a burner phone and use encrypted messaging apps to avoid being tracked by immigration officers and federal agents.
In… [+2570 chars]",fox-news,Fox News
,Fever star Kelsey Mitchell opens up about medical scare that caused her 'sense of numbness',Indiana Fever guard Kelsey Mitchell suffered a medical scare during the team's Game 5 loss against the Las Vegas Aces on Tuesday night.,https://www.foxnews.com/sports/fever-star-kelsey-mitchell-opens-up-about-medical-scare-caused-her-sense-numbness,https://static.foxnews.com/foxnews.com/content/uploads/2025/10/wnba-fever-kelsey-mitchell-100225-3.jpg,2025-10-02T11:14:49Z,"The Indiana Fevers valiant effort to make the WNBA Finals came to an end on Tuesday night as they fell to Aja Wilson and the Las Vegas Aces in Game 5, 107-98.
Fever guard Kelsey Mitchell has been a … [+1936 chars]",fox-news,Fox News
,"Risk of deadly cancer triples with hidden mouth bacteria, study finds","Scientists link poor oral health to dramatically higher pancreatic cancer risk, emphasizing the importance of regular brushing and dental care for prevention.",https://www.foxnews.com/health/risk-deadly-cancer-triples-hidden-mouth-bacteria-study-finds,https://static.foxnews.com/foxnews.com/content/uploads/2025/10/older-woman-flossing.jpg,2025-10-02T11:00:22Z,People with certain bacteria and fungi in their mouths may face a dramatically higher risk of pancreatic cancer more than three times greater according to new research from NYU Langone Health and and… [+4987 chars],fox-news,Fox News
,Meet the 3 senators who broke with Democrats to support a bill to keep government open,"Fearing a government shutdown and its implications, three senators who caucus with Democrats voted to support the GOP's continuing resolution to fund the government.",https://www.foxnews.com/politics/meet-3-senators-who-broke-democrats-support-bill-keep-government-open,https://static.foxnews.com/foxnews.com/content/uploads/2025/10/schumer-government-shutdown-fetterman-cortez-masto-angus-king.jpg,2025-10-02T11:00:01Z,"Three senators Democrats Catherine Cortez Masto of Nevada and John Fetterman of Pennsylvania, along with Independent Angus King of Maine broke ranks Tuesday night to side with Republicans on a GOP sp… [+3222 chars]",fox-news,Fox News
,Keith Urban's awkward interviews seemingly hinted at Nicole Kidman marriage issues,"Keith Urban abruptly ended radio interviews when asked about Nicole Kidman's intimate movie scenes, signaling marital problems before their divorce filing.",https://www.foxnews.com/entertainment/keith-urbans-awkward-interviews-seemingly-hinted-nicole-kidman-marriage-issues,https://static.foxnews.com/foxnews.com/content/uploads/2025/10/nicole-kidman-keith-urban-divorce.jpg,2025-10-02T11:00:00Z,"Writing appeared to be on the wall that their marriage was on the rocks long before Nicole Kidman filed for divorce from Keith Urban. 
The ""Big Little Lies"" actress filed for divorce Tuesday from th… [+5259 chars]",fox-news,Fox News
,Shedeur Sanders' viral miming moment was due to ex-NFL head coach's 'embarrassment' comments: report,"Cleveland Browns rookie quarterback Shedeur Sanders went viral for miming during interviews, and it appears ex-NFL head coach Rex Ryan's criticism is the reason.",https://www.foxnews.com/sports/shedeur-sanders-viral-miming-moment-due-ex-nfl-head-coachs-embarrassment-comments-report,https://static.foxnews.com/foxnews.com/content/uploads/2025/08/shedeur-sanders-la-rams.jpg,2025-10-02T10:40:36Z,"Cleveland Browns rookie quarterback Shedeur Sanders went viral in the locker room after pantomiming during reporters questions, and why exactly he did it has been uncovered. 
Sanders was moving his … [+2481 chars]",fox-news,Fox News
,"UK stabbing, vehicle attack injures 4 outside synagogue, police say","At least four people were injured Thursday morning in a car and knife attack outside a synagogue in Manchester, England, authorities said.",https://www.foxnews.com/world/uk-stabbing-vehicle-attack-injures-4-outside-synagogue-police-say,https://static.foxnews.com/foxnews.com/content/uploads/2025/10/uk-stabbing-synagogue-attack.jpg,2025-10-02T10:39:00Z,"At least four people were injured Thursday morning in a car and knife attack outside a synagogue in Manchester in the United Kingdom, authorities said.
Greater Manchester Police said officers were c… [+438 chars]",fox-news,Fox News
,NFL star Xavien Howard abruptly retires after 4 games with Colts,"Xavien Howard, a four-time Pro Bowler, abruptly called it quits on his NFL career on Wednesday after four weeks with the Indianapolis Colts.",https://www.foxnews.com/sports/nfl-star-xavien-howard-abruptly-retires-after-4-games-colts,https://static.foxnews.com/foxnews.com/content/uploads/2025/10/nfl-colts-xavien-howard-100225-1.jpg,2025-10-02T10:36:58Z,"Four-time Pro Bowl cornerback Xavien Howard abruptly retired from the NFL on Wednesday after struggling through the first four games of the season with the Indianapolis Colts.
Team officials said Ho… [+2453 chars]",fox-news,Fox News
,ICE director reveals dangerous nightly Antifa 'battle' as Trump prepares federal deployment to Portland,Acting ICE Director Todd Lyons says agents face nightly Antifa-linked violence in Portland and warns federal deployment will follow without local support.,https://www.foxnews.com/media/ice-director-reveals-dangerous-nightly-antifa-battle-trump-prepares-federal-deployment-portland,https://static.foxnews.com/foxnews.com/content/uploads/2025/10/todd-lyons-portland-fox-news.jpg,2025-10-02T10:01:37Z,Federal immigration officials say they are preparing to deploy agents to Portland as groups they describe as Antifa-linked have escalated attacks on personnel and facilities. ICE officials warned the… [+2476 chars],fox-news,Fox News
,Rick Harrison's Las Vegas pawn shop reveals bizarre treasures for the taking,"Rick Harrison's popular Las Vegas pawn shop displays rare finds and historical artifacts, from samurai swords to Henry Winkler-signed jackets, attracting 1,200 daily visitors.",https://www.foxnews.com/travel/rick-harrisons-las-vegas-pawn-shop-reveals-bizarre-treasures-taking,https://static.foxnews.com/foxnews.com/content/uploads/2025/10/harrison-rare-items-fox-news.jpg,2025-10-02T10:00:47Z,"Las Vegas Rick Harrisons Gold &amp; Silver Pawn Shop in Las Vegas is more than just a place to buy and sell its where history and rare finds come to life. 
Famous from the show ""Pawn Stars,"" the sho… [+2365 chars]",fox-news,Fox News
,"Trump advisor slams Bad Bunny Super Bowl halftime show pick, warns ICE agents are 'everywhere'",Longtime Trump advisor Corey Lewandowski responded to the news that Latin music star Bad Bunny would perform at the upcoming Super Bowl halftime show.,https://www.foxnews.com/media/trump-advisor-slams-bad-bunny-super-bowl-halftime-show-pick-warns-ice-agents-everywhere,https://static.foxnews.com/foxnews.com/content/uploads/2025/09/bad-bunny-092925-2.jpg,2025-10-02T10:00:35Z,Longtime Trump advisor Corey Lewandowski warned Wednesday that Immigration and Customs Enforcement (ICE) agents will be present at the 2026 Super Bowl after singer Bad Bunny was scheduled to perform … [+2232 chars],fox-news,Fox News
,Federal government shutdown sparks blame game in crucial race for governor,"New Jersey gubernatorial candidates Jack Ciattarelli and Rep. Mikie Sherrill clash over government shutdown blame in the high-profile showdown, one of only two 2025 elections for governor.",https://www.foxnews.com/politics/federal-government-shutdown-sparks-blame-game-crucial-race-for-governor,https://static.foxnews.com/foxnews.com/content/uploads/2025/09/mikie-sherrill-and-jack-ciattarelli.png,2025-10-02T10:00:22Z,"MADISON, N.J. - EXCLUSIVE: The nation's capital isn't the only battlefield in the blame game between Democrats and Republicans over the first federal government shutdown in seven years.
The verbal c… [+7464 chars]",fox-news,Fox News
,Harvard faculty expressed support for potential left-wing political violence during 2018 panel,"Harvard faculty members Timothy McCarthy, Vincent Brown and Lisa McGirr praised Professor Dwayne Dixon after he advocated for potential armed left-wing violence during a 2018 panel.",https://www.foxnews.com/us/harvard-faculty-expressed-support-potential-left-wing-political-violence-during-2018-panel,https://static.foxnews.com/foxnews.com/content/uploads/2025/10/brown-mccarthy-harvard-thumb.jpg,2025-10-02T10:00:16Z,"EXCLUSIVE: During a 2018 panel hosted by Harvard's Carr-Ryan Center for Human Rights, three faculty members praised a presenter after he made his case for potential armed left-wing political violence… [+5561 chars]",fox-news,Fox News
,Starmer’s digital ID work requirement sparks uproar from UK's left and right,UK's Jeremy Corbyn and Nigel Farage unite against Prime Minister Keir Starmer's compulsory Digital ID cards in push to curb immigration.,https://www.foxnews.com/world/starmers-digital-id-work-requirement-sparks-uproar-from-uks-left-right,https://static.foxnews.com/foxnews.com/content/uploads/2025/10/kier-starmer-digital-id-push.jpg,2025-10-02T10:00:15Z,The U.K.s right and left-wing parties have reached an uncommon consensus: they oppose British Prime Minister Keir Starmers latest attempt to curb illegal immigration through mandatory digital ID card… [+2724 chars],fox-news,Fox News
,ESPN MLB analyst says there's 'zero chance' he's watching network's NHL coverage during playoff baseball,ESPN broadcaster Ben McDonald wasn't committing to watching any NHL c coverage this month and expressed it during an MLB Postseason game on Wednesday.,https://www.foxnews.com/sports/espn-mlb-analyst-says-theres-zero-chance-hes-watching-networks-nhl-coverage-during-playoff-baseball,https://static.foxnews.com/foxnews.com/content/uploads/2025/10/mlb-ben-mcdonald-100225-1.jpg,2025-10-02T13:50:23Z,"ESPN MLB analyst Ben McDonald caught some flak for his reaction to the networks promotion of one of the first NHL games of the season between the Chicago Blackhawks and Florida Panthers.
McDonald wa… [+1636 chars]",fox-news,Fox News
,Hakeem Jeffries confronted on CNN about Medicaid funding for 'non-citizens',"CNN host Jake Tapper confronted House Minority Leader Hakeem Jeffries about Medicaid funding for ""non-citizens"" on Wednesday as the lawmaker argued they were trying to save healthcare.",https://www.foxnews.com/media/hakeem-jeffries-confronted-cnn-about-medicaid-funding-non-citizens,https://static.foxnews.com/foxnews.com/content/uploads/2025/10/hakeem-jeffries-cnn.jpg,2025-10-02T13:45:36Z,"CNN's Jake Tapper confronted House Minority Leader Hakeem Jeffries, D-N.Y., on Wednesday about Medicaid funding for ""non-citizens,"" as the Democratic lawmaker argued his party was trying to save heal… [+2426 chars]",fox-news,Fox News
,Trump sees 'unprecedented opportunity' to cut government during shutdown,President Donald Trump said he would meet with Russell Vought on Thursday to discuss cutting Democrat agencies following a partial government shutdown.,https://www.foxnews.com/politics/trump-sees-unprecedented-opportunity-cut-government-during-shutdown,https://static.foxnews.com/foxnews.com/content/uploads/2025/10/donald-trump-pointing-finger-in-oval-office-remarks.jpg,2025-10-02T13:39:10Z,"President Donald Trump on Thursday said hes working to determine which ""Democrat Agencies"" will face cuts after Democrats and Republicans failed to reach an agreement on a government funding package.… [+2596 chars]",fox-news,Fox News
,"FOX One, ESPN bundle brings massive sports content to fans",The FOX One + ESPN bundle was announced on Thursday as sports fans will be able to take their viewing habits to the next level with the amount of content coming their way.,https://www.foxnews.com/sports/fox-one-espn-bundle-brings-massive-sports-content-fans,https://static.foxnews.com/foxnews.com/content/uploads/2025/10/espn-fox-one-100225-2.png,2025-10-02T13:36:53Z,"Sports fans will be able to take their viewing habits to the next level starting Thursday as a FOX One and ESPN bundled streaming package was announced.
Two of the biggest names in sports will offer… [+1946 chars]",fox-news,Fox News
,Update Chrome now: Google patches new zero-day threat,Chrome faces its sixth zero-day attack in 2025 as Google patches critical V8 engine flaw CVE-2025-10585 discovered by Threat Analysis Group.,https://www.foxnews.com/tech/update-chrome-now-google-patches-new-zero-day-threat,https://static.foxnews.com/foxnews.com/content/uploads/2025/04/1-these-browser-extensions-put-millions-of-google-chrome-users-at-risk-how-to-stay-safe-intro.jpg,2025-10-02T13:03:28Z,Google has released an urgent update for its Chrome browser to fix a newly discovered zero-day security flaw that hackers are already exploiting. This is the sixth zero-day Chrome has faced this year… [+7317 chars],fox-news,Fox News
,Jana Kramer credits backyard barbecue for helping husband handle her love scenes,"Jana Kramer stars in ""The Christmas Ring"" with Ben Hollingsworth as her love interest in the film. She shares how a backyard barbecue helped her husband deal with their romantic scenes.",https://www.foxnews.com/entertainment/jana-kramer-credits-backyard-barbecue-helping-husband-handle-her-love-scenes,https://static.foxnews.com/foxnews.com/content/uploads/2025/10/jana-kramer-allen-russell-boot-barn-event.jpg,2025-10-02T13:00:06Z,"Jana Kramer is sharing how her husband handles her intimate scenes as an actress.
During a recent interview with Fox News Digital, the 41-year-old actress and singer discussed her upcoming movie, ""T… [+5012 chars]",fox-news,Fox News
,New exoskeleton built to boost endurance and cut fatigue,"The Hypershell X Ultra exoskeleton features 12 terrain modes and carbon fiber construction to enhance hiking, cycling and outdoor adventures.",https://www.foxnews.com/tech/new-exoskeleton-built-boost-endurance-cut-fatigue,https://static.foxnews.com/foxnews.com/content/uploads/2025/10/hypershell-x-exoskeleton.jpg,2025-10-02T12:52:56Z,"If you have ever wanted to walk longer, hike farther, climb more challenging trails or cycle with less strain, the Hypershell X Ultra is ready to assist you in all of those activities. 
This latest … [+4238 chars]",fox-news,Fox News
,Missing woman's body found behind secret attic entrance in Northern California home,"Police found the body of missing woman Renia Lewis, 28, behind a secret attic entrance in a Vallejo, California home, and a murder suspect was arrested.",https://www.foxnews.com/us/missing-womans-body-found-behind-secret-attic-entrance-northern-california-home,https://static.foxnews.com/foxnews.com/content/uploads/2025/10/renia-lewis-california.jpg,2025-10-02T12:50:19Z,"Police say they found the body of a missing woman behind a secret entrance to a home's attic in Northern California on Wednesday.
The woman, Renia Lewis, 28, of Vallejo, Calif., had been missing sin… [+2051 chars]",fox-news,Fox News
,"Media bashes Trump admin messaging for pinning shutdown on Dems, White House fires back",Media reports suggest the Trump Admin is violating federal law by blaming Democrats for the government shutdown.,https://www.foxnews.com/politics/media-bashes-trump-admin-messaging-pinning-shutdown-dems-white-house-fires-back,https://static.foxnews.com/foxnews.com/content/uploads/2025/10/white-house-on-shutdown.jpg,2025-10-02T12:41:54Z,"EXCLUSIVE: The White House responded to various reports that President Donald Trump
s administration is breaking federal law by including commentary that blames Senate Democrats for the government s… [+5308 chars]",fox-news,Fox News
,Disney attendance plunges to all-time low for 2025 as visitors report 'ghost towns' at parks,"Average wait times at Walt Disney World drop to 24 minutes in September, the shortest three-week stretch of the year, according to crowd tracking data.",https://www.foxnews.com/travel/disney-attendance-plunges-all-time-low-2025-visitors-report-ghost-towns-parks,https://static.foxnews.com/foxnews.com/content/uploads/2025/10/d4fac535-disney-magic-kingdom-scaled.jpg,2025-10-02T12:30:40Z,"Walt Disney World logged its slowest three-week stretch of the year in September, putting it on track to be the quietest month since 2021.
Crowd tracker data for mid-August through mid-September sho… [+3464 chars]",fox-news,Fox News
,Trump presidential library to be built in Miami after Florida gifts waterfront site,Florida officials have paved the way for President Donald Trump’s presidential library to be built in downtown Miami next to the city’s Freedom Tower.,https://www.foxnews.com/politics/trump-presidential-library-built-miami-after-florida-gifts-waterfront-site,https://static.foxnews.com/foxnews.com/content/uploads/2025/10/trump-miami-presidential-library.jpg,2025-10-02T12:29:35Z,"Florida officials on Tuesday paved the way for President Donald Trumps presidential library to be built in a prime location in downtown Miami next to the citys iconic Freedom Tower.
Republican Gov. … [+4008 chars]",fox-news,Fox News
,"Iconic Mexican restaurant chain returns, plus Las Vegas pawn shop's bizarre treasures",Check out these top Fox News Lifestyle stories and videos from the past week,https://www.foxnews.com/lifestyle/iconic-mexican-restaurant-chain-returns-plus-las-vegas-pawn-shops-bizarre-treasures,https://static.foxnews.com/foxnews.com/content/uploads/2024/12/chi-chis-interior.jpg,2025-10-02T12:28:59Z,"TOP 3:
WELCOME BACK: The iconic Chi-Chi's restaurant returns to the dining scene after two decades with original recipes and modern menu items.
'RIGHTEOUS PEOPLE': A California business faced backl… [+943 chars]",fox-news,Fox News
,"Israeli military arrests Greta Thunberg, flotilla activists after intercepting dozens of boats",Climate activist Greta Thunberg and European lawmakers were among activists detained as Israel intercepted a 40-boat flotilla attempting to reach Gaza.,https://www.foxnews.com/world/israeli-military-arrests-greta-thunberg-flotilla-activists-after-intercepting-dozens-boats,https://static.foxnews.com/foxnews.com/content/uploads/2025/10/greta-thunberg-flotilla.jpg,2025-10-02T12:28:25Z,"Israeli naval forces intercepted 39 vessels from a Gaza-bound aid flotilla on Thursday, detaining dozens of activists including international climate activist Greta Thunberg and several European lawm… [+2853 chars]",fox-news,Fox News
,NFL Week 5 schedule: What to know about upcoming games,"There are several marquee matchups on the Week 5 docket in the NFL, including a matchup between the Buffalo Bills and New England Patriots.",https://www.foxnews.com/sports/nfl-week-5-schedule-what-know-about-upcoming-games,https://static.foxnews.com/foxnews.com/content/uploads/2025/10/nfl-bills-josh-allen-100225-1.jpg,2025-10-02T12:09:47Z,"The Buffalo Bills and the Philadelphia Eagles are on top of the NFL through the first four weeks of the 2025 season, defeating every team that has been on their schedule so far.
In Week 5, both team… [+2287 chars]",fox-news,Fox News
,Charlie Sheen admits President Trump was right about doomed marriage to Brooke Mueller,"President Donald Trump warned Brooke Mueller's parents against her marriage to Charlie Sheen, advice the actor now admits they should have taken seriously.",https://www.foxnews.com/entertainment/charlie-sheen-admits-president-trump-right-about-doomed-marriage-brooke-mueller,https://static.foxnews.com/foxnews.com/content/uploads/2025/10/brooke-mueller-marriage-charlie-sheen.jpg,2025-10-02T12:00:35Z,"President Donald Trump once urged Brooke Muellers parents to intervene in her marriage to Charlie Sheen a warning the actor now believes they should have taken seriously.
""It was a trip. I didnt kno… [+7090 chars]",fox-news,Fox News
,"Prosecutors hammer Charlie Kirk assassination suspect with ‘voluminous’ DNA, gun, text and rooftop evidence",Legal experts analyze prosecution and defense strategies as Tyler Robinson case unfolds with claims of substantial evidence and procedural challenges.,https://www.foxnews.com/us/prosecutors-hammer-charlie-kirk-assassination-suspect-voluminous-dna-gun-text-rooftop-evidence,https://static.foxnews.com/foxnews.com/content/uploads/2025/10/utah-attorney-prosecuting-tyler-robinson.jpg,2025-10-02T12:00:29Z,"Prosecutors in the Tyler Robinson case wasted no time in declaring they had already gathered ""voluminous"" evidence against Charlie Kirks accused assassin.
""There is a substantial amount of discovery… [+4929 chars]",fox-news,Fox News
,Campus rifle arrest of repeat offender draws sharp rebuke of Dems from GOP lawmaker,"After a repeat offender was discovered on a college campus with a rifle, Rep. Gabe Evans, R-Colo., slammed Democratic leaders in Colorado for “devastating law enforcement morale.""",https://www.foxnews.com/politics/campus-rifle-arrest-repeat-offender-draws-sharp-rebuke-dems-from-gop-lawmaker,https://static.foxnews.com/foxnews.com/content/uploads/2025/10/colorado-police-ephraim-debisa.png,2025-10-02T12:00:26Z,"After a repeat offender was discovered on a college campus with a rifle, Rep. Gabe Evans, R-Colo., slammed Democratic leaders in Colorado for ""devastating law enforcement morale"" by what he described… [+5613 chars]",fox-news,Fox News
,"Lawmaker warns government shutdown chaos potentially leading to big waste in the military, impacting readiness","GOP congressman fears shutdown fallout has reached the military, pointing to concerns his office has fielded regarding troops being pulled from assignments prematurely.",https://www.foxnews.com/politics/lawmaker-warns-government-shutdown-chaos-potentially-leading-big-waste-military-impacting-readiness,https://static.foxnews.com/foxnews.com/content/uploads/2025/10/brian-mast-government-shutdown-military-troops-servicemembers.jpg,2025-10-02T12:00:01Z,"FIRST ON FOX: A Republican member of the House of Representatives is sounding the alarm over the consequences that a government shutdown could have on the military.
Rep. Brian Mast, R-Fla., sent a l… [+2689 chars]",fox-news,Fox News
,Johnson shuts door on negotiating shutdown deal as Democrats dig in on Obamacare,"House Speaker Mike Johnson blames Democrats for the ongoing government shutdown, saying they rejected a clean funding bill without Republican provisions.",https://www.foxnews.com/politics/johnson-shuts-door-negotiating-shutdown-deal-democrats-dig-obamacare,https://static.foxnews.com/foxnews.com/content/uploads/2025/09/mike-johnson-tapper.jpg,2025-10-02T15:55:46Z,"House Speaker Mike Johnson, R-La., made clear on Thursday that House Republicans will not budge amid the ongoing standoff over government funding, as Democrats continue to insist on healthcare conces… [+2175 chars]",fox-news,Fox News
,Falcons star Bijan Robinson pairing football dominance with off-field impact in Atlanta community,"While chasing a postseason return for the first time since 2017, Atlanta Falcons running back Bijan Robinson also partnered with Auntie Anne’s on a nationwide literacy effort.",https://www.foxnews.com/sports/falcons-star-bijan-robinson-pairing-football-dominance-off-field-impact-atlanta-community,https://static.foxnews.com/foxnews.com/content/uploads/2025/10/bijan-robinson-10125.jpg,2025-10-02T15:51:33Z,"For Bijan Robinson, his on-field impact is only half of the story he wants to tell about himself.
After starring at the University of Texas at Austin, Robinson was the eighth overall pick in the 202… [+3203 chars]",fox-news,Fox News
,Tommy Tuberville praises Paul Finebaum as analyst considers Senate run after Charlie Kirk assassination,"Paul Finebaum is exploring a Senate campaign in Alabama with support from Sen. Tommy Tuberville, who praised the ESPN analyst's name, recognition and potential political impact.",https://www.foxnews.com/sports/tommy-tuberville-praises-paul-finebaum-analyst-considers-senate-run-after-charlie-kirk-assassination,https://static.foxnews.com/foxnews.com/content/uploads/2025/10/tommy-tubervillepaul-finebaum-10225.jpg,2025-10-02T15:44:26Z,"In a recent interview with OutKick, ESPN college football analyst Paul Finebaum announced that he is considering leaving his longtime role to run for Senate.
The 70-year-old said following Charlie K… [+2606 chars]",fox-news,Fox News
,HARDY details terrifying moment he thought he was 'dead' in devastating tour bus crash,"During an episode of the ""Nashville Now"" podcast, HARDY opened up about the terrifying bus crash that landed him in the hospital and impacted his mental health moving forward.",https://www.foxnews.com/entertainment/hardy-details-terrifying-moment-he-thought-he-dead-devastating-tour-bus-crash,https://static.foxnews.com/foxnews.com/content/uploads/2025/10/hardy-1.jpg,2025-10-02T15:22:06Z,"HARDY is recounting the traumatic tour bus accident that nearly took his life. 
During Wednesday's episode of the ""Nashville Now"" podcast, the country singer and songwriter, 35, opened up about the … [+3023 chars]",fox-news,Fox News
,Fever's Sophie Cunningham slams WNBA commissioner as 'delusional leader' after alleged Caitlin Clark remarks,Indiana Fever guard Sophie Cunningham defended teammate Caitlin Clark after alleged remarks made by WNBA Commissioner Cathy Engelbert surfaced this week.,https://www.foxnews.com/sports/fevers-sophie-cunningham-slams-wnba-commissioner-delusional-leader-after-alleged-caitlin-clark-remarks,https://static.foxnews.com/foxnews.com/content/uploads/2025/10/wnba-cathy-engelbert-caitlin-clark-001.jpg,2025-10-02T15:19:55Z,"Indiana Fever
 star Caitlin Clark was drawn into controversy this week after WNBPA Vice President Napheesa Collier claimed that league Commissioner Cathy Engelbert said that the former Iowa star sho… [+2506 chars]",fox-news,Fox News
,Beauty gifts she'll actually use (and thank you for later),"From top-rated skincare to universally loved makeup, our 2025 beauty guide features gifts she’ll actually use.",https://www.foxnews.com/deals/beauty-gifts,https://static.foxnews.com/foxnews.com/content/uploads/2025/09/beauty-gifts.jpg,2025-10-02T15:18:56Z,"Beauty gifts can be hard to give. However, we found beauty gifts that take the guesswork out of the search. From universally flattering makeup picks and designer fragrances to skincare staples, multi… [+3529 chars]",fox-news,Fox News
,Miami star Carson Beck talks breakup with Hanna Cavinder,Miami Hurricanes quarterback Carson Beck opened up about his split from former college basketball star Hanna Cavinder in a recent story.,https://www.foxnews.com/sports/miami-star-carson-beck-talks-breakup-hanna-cavinder,https://static.foxnews.com/foxnews.com/content/uploads/2025/10/miami-carson-beck-100225-2.jpg,2025-10-02T15:12:10Z,"Miami Hurricanes quarterback Carson Beck spoke about his breakup with former womens basketball star Hanna Cavinder on Wednesday as the team prepares to take on Florida State.
Beck was still with the… [+1983 chars]",fox-news,Fox News
,Nancy Pelosi snaps at reporter after being asked whether GOP should negotiate shutdown with AOC,Former House Speaker Nancy Pelosi clashed with a reporter on Wednesday after being asked whether Republicans should negotiate the government shutdown with Rep. Alexandria Ocasio-Cortez.,https://www.foxnews.com/media/nancy-pelosi-snaps-reporter-after-being-asked-whether-gop-should-negotiate-shutdown-aoc,https://static.foxnews.com/foxnews.com/content/uploads/2025/02/nancy-pelosi.jpg,2025-10-02T15:09:18Z,"Former House Speaker Nancy Pelosi got into a sharp exchange with a reporter on Wednesday after being asked whether Republicans should negotiate with Rep. Alexandria Ocasio-Cortez, D-N.Y., to end the … [+2233 chars]",fox-news,Fox News
,HGTV star Christina Haack's 10-year-old son calls out her 'bad choices in men',"HGTV star Christina Haack reveals her 10-year-old son Brayden told her she makes ""bad choices in men"" following her 2024 split from Joshua Hall.",https://www.foxnews.com/entertainment/hgtv-star-christina-haacks-10-year-old-son-calls-out-her-bad-choices-men,https://static.foxnews.com/foxnews.com/content/uploads/2025/10/christina-haack.jpg,2025-10-02T14:51:29Z,"Christina Haacks 10-year-old son is getting brutally honest.
The HGTV star revealed that after her 2024 divorce filing from Joshua Hall, it was her son Brayden who called her out in the most unexpec… [+2849 chars]",fox-news,Fox News
,Speculation swirls as AOC is rumored to harbor 2028 aspirations: 'Savvy politician',Rep. Alexandria Ocasio-Cortez's political operation is staffed by Sen. Bernie Sanders' campaign veterans as speculation swirls about her 2028 Senate or presidential ambitions.,https://www.foxnews.com/politics/speculation-swirls-aoc-rumored-harbor-2028-aspirations-savvy-politician,https://static.foxnews.com/foxnews.com/content/uploads/2025/09/aoc-fighting-oligarchy.png,2025-10-02T14:39:33Z,"Rumors have swirled about ""Squad"" Democratic Rep. Alexandria Ocasio-Cortez's political future since she joined Sen. Bernie Sanders' high-profile ""Fighting Oligarchy"" tour earlier this year. 
The you… [+5640 chars]",fox-news,Fox News
,Weight-loss surgery pros and cons in the spotlight after singer's 'scary' experience,Weight-loss experts explain why combining GLP-1 medications with bariatric surgery may be the most effective approach to treating obesity in 2025.,https://www.foxnews.com/health/weight-loss-surgery-pros-cons-spotlight-after-singers-scary-experience,https://static.foxnews.com/foxnews.com/content/uploads/2025/10/weight-loss-surgery.jpg,2025-10-02T14:38:06Z,"Amid the surge in GLP-1 weight-loss medications, some have questioned whether invasive procedures like lap band, gastric sleeve and bypass surgeries could wane in popularity.
Carnie Wilson, of the b… [+7159 chars]",fox-news,Fox News
,Johnson says Democrats lying about illegal immigrant healthcare push,Speaker Mike Johnson is defending GOP Medicaid reforms as Democrats deny accusations they're seeking healthcare benefits for illegal immigrants amid the funding fight.,https://www.foxnews.com/politics/johnson-says-democrats-lying-about-illegal-immigrant-healthcare-push,https://static.foxnews.com/foxnews.com/content/uploads/2025/10/hakeem-jeffries-mike-johnson.png,2025-10-02T14:30:17Z,"EXCLUSIVE: House Speaker Mike Johnson, R-La., is accusing Democrats of lying in their denials that they're pushing to give healthcare back to illegal immigrants.
""The idea that you would want illega… [+4285 chars]",fox-news,Fox News
,Harris sought Clinton 'marriage' secrets to avoid running mate drama,"In her new book, Kamala Harris describes calling Bill Clinton and Hillary Clinton for guidance on vetting potential vice presidential candidates before picking Tim Walz.",https://www.foxnews.com/politics/harris-sought-clinton-marriage-secrets-avoid-running-mate-drama,https://static.foxnews.com/foxnews.com/content/uploads/2025/10/kamala-harris-bill-clinton.jpg,2025-10-02T14:28:56Z,Former Vice President Kamala Harris revealed in her new memoir that she turned to Bill Clinton and Hillary Clinton for advice on choosing a running mate before landing on Democratic Minnesota Gov. Ti… [+4795 chars],fox-news,Fox News
,Team USA Ryder Cup legend calls out Rory McIlroy for hypocrisy about golf fans,Team USA icon Paul Azinger called out Rory McIlroy for condemning Ryder Cup fan behavior while directing profanity at spectators at Bethpage Black.,https://www.foxnews.com/sports/team-usa-ryder-cup-legend-calls-out-rory-mcilroy-hypocrisy-about-golf-fans,https://static.foxnews.com/foxnews.com/content/uploads/2025/10/rory-mcilroy-screaming-10225.jpg,2025-10-02T14:22:32Z,"It is no secret that the crowds at Bethpage Black this past weekend during the Ryder Cup were harsher than normal golf crowds.
Rory McIlroy got the extent of the heckling, whether it was telling him… [+2848 chars]",fox-news,Fox News
,Ex-MLB star Tom Gordon talks becoming subject of Stephen King novel,"Former MLB star Tom ""Flash"" Gordon talked to Fox News Digital about how he became a subject in a Stephen King novel and how it changed his life.",https://www.foxnews.com/sports/ex-mlb-star-tom-gordon-talks-becoming-subject-stephen-king-novel,https://static.foxnews.com/foxnews.com/content/uploads/2025/10/tom-gordon-woo-sox-looks-on.jpg,2025-10-02T14:19:08Z,"Tom ""Flash"" Gordon has an impressive resume: He played 21 years in Major League Baseball, was a three-time All-Star, and recorded 54 consecutive saves, which set an MLB record at the time. 
On top o… [+5146 chars]",fox-news,Fox News
,Democrats refuse to budge over Obamacare fight as shutdown drags on,"Senate Democrats led by Minority Leader Chuck Schumer, D-N.Y., remain largely unified in demanding Obamacare tax credit extensions during the ongoing government shutdown.",https://www.foxnews.com/politics/democrats-refuse-budge-over-obamacare-fight-shutdown-drags,https://static.foxnews.com/foxnews.com/content/uploads/2025/10/schumer-shutdown-trap.jpg,2025-10-02T14:09:39Z,"Senate Democrats appear ready for the long haul as the government shutdown continues and are putting the onus of reopening the government on Republicans.
The Senate was out Thursday to observe the J… [+4733 chars]",fox-news,Fox News
,TCU disputes claims it canceled Turning Point event with de-transitioner,"Texas Christian University says it never officially booked a Chloe Cole speaking event that Turning Point USA requested, citing space availability issues and short notice.",https://www.foxnews.com/media/tcu-disputes-claims-canceled-turning-point-event-de-transitioner,https://static.foxnews.com/foxnews.com/content/uploads/2025/10/chloe-cole-1.jpg,2025-10-02T14:06:57Z,"Texas Christian University (TCU) on Wednesday disputed claims it canceled a Turning Point USA event featuring de-transitioner Chloe Cole.
TCU sent Fox News Digital a statement following reports and … [+2822 chars]",fox-news,Fox News
,Rahm Emanuel warns Democrats need 'education reset' to win back public trust,Former Chicago mayor and U.S. ambassador to Japan Rahm Emanuel warns Democrats have lost voters' trust on education and must refocus on fundamentals.,https://www.foxnews.com/media/rahm-emanuel-warns-democrats-need-education-reset-win-back-public-trust,https://static.foxnews.com/foxnews.com/content/uploads/2020/11/Rahm-Emanuel-REUTERS.jpg,2025-10-02T17:57:22Z,"Rahm Emanuel took aim at his own party this week, warning Democrats that theyve lost focus on education and must return to the fundamentals if they hope to regain parents trust.
""Weve spent the past… [+3138 chars]",fox-news,Fox News
,Trump admin tells Congress it determined US engaged in formal 'armed conflict' with 'terrorist' drug cartels,Trump administration sends memo to Congress declaring drug cartels as terrorist organizations and announcing armed conflict status with these groups.,https://www.foxnews.com/politics/trump-admin-tells-congress-it-determined-us-engaged-formal-armed-conflict-with-terrorist-drug-cartels,https://static.foxnews.com/foxnews.com/content/uploads/2025/09/f66f0669-president-donald-trump.jpg,2025-10-02T17:45:16Z,"The Trump administration sent a memo to Congress Thursday saying that the United States is now ""in a non-international armed conflict"" with drug cartels, which administration officials have designate… [+432 chars]",fox-news,Fox News
,"Convicted Minnesota sex offender, 22, accused of posing as high school student on football team",A 22-year-old man allegedly used a false identity and lied about his age to enroll in a Minnesota high school and join the football team.,https://www.foxnews.com/us/convicted-minnesota-sex-offender-22-accused-of-posing-as-high-school-student-on-football-team,https://static.foxnews.com/foxnews.com/content/uploads/2025/10/kelvin-luebke.jpg,2025-10-02T17:38:25Z,"A 22-year-old man with a criminal history of indecent exposure allegedly posed as a teenager to enroll at a Minnesota high school and even joined the schools football team before his arrest. 
The in… [+4176 chars]",fox-news,Fox News
,"FOX News dominates all news brands with 1.1 billion YouTube views during Q3, topping NBC, ABC, CBS combined","FOX News Media closed out the third quarter of 2025 as the top news brand in the competitive set on YouTube, notching 1.1 billion video views, according to Emplifi.",https://www.foxnews.com/media/fox-news-dominates-all-news-brands-1-1-billion-youtube-views-during-q3-topping-nbc-abc-cbs-combined,https://static.foxnews.com/foxnews.com/content/uploads/2025/06/fox-news-youtube-views.gif,2025-10-02T17:32:27Z,"FOX News Media closed out the third quarter of 2025 as the No. 1 news brand on YouTube with more than one billion video views.
FOX News led runner-up MSNBC by more than 200 million video views and a… [+2766 chars]",fox-news,Fox News
,"Trump must triple severely outdated nuke arsenal to outpace China and Russia, report warns",New analysis warns the U.S. nuclear force designed in 2010 cannot handle current global threats and proposes massive expansion including forward deployment to Europe.,https://www.foxnews.com/politics/trump-must-triple-severely-outdated-nuke-arsenal-outpace-china-russia-report-warns,https://static.foxnews.com/foxnews.com/content/uploads/2025/10/kim-nuclear-missile.jpg,2025-10-02T17:23:45Z,"Join Fox News for access to this content
Plus special access to select articles and other premium content with your account - free of charge.
By entering your email and pushing continue, you are ag… [+6501 chars]",fox-news,Fox News
,"'Real consequences': Food aid, flood insurance, FEMA funds in jeopardy amid shutdown, Johnson says",House Speaker Mike Johnson revealed the everyday Americans he is concerned would be at risk in the event of a prolonged government shutdown.,https://www.foxnews.com/politics/real-consequences-food-aid-flood-insurance-fema-funds-jeopardy-amid-shutdown-johnson-says,https://static.foxnews.com/foxnews.com/content/uploads/2025/10/boston-flood-waters.jpg,2025-10-02T17:23:13Z,"EXCLUSIVE: House Speaker Mike Johnson, R-La., is warning that everyday Americans could be at risk in a prolonged government shutdown.
The top House Republican sat down for an exclusive interview wit… [+3852 chars]",fox-news,Fox News
,"Immigration judge denies Kilmar Abrego Garcia’s bid for asylum, but he has 30 days to appeal","Kilmar Abrego Garcia loses asylum appeal after mistaken deportation to El Salvador, while facing human smuggling charges and potential deportation to Uganda.",https://www.foxnews.com/us/immigration-judge-denies-kilmar-abrego-garcias-bid-asylum-he-has-30-days-appeal,https://static.foxnews.com/foxnews.com/content/uploads/2025/08/kilmar-abrego-garcia-baltimore.jpg,2025-10-02T17:15:07Z,"A U.S. immigration judge on Wednesday denied a bid for asylum from Kilmar Abrego Garcia, whose case has become a proxy for the partisan power struggle over immigration policy.
The judge in the Balti… [+1598 chars]",fox-news,Fox News
,"Virginia Dem logged service hours to his own PAC to skirt possible jail time for reckless driving, docs show",Former Del. Jay Jones completed community service for his political action committee and NAACP to avoid prison after reckless driving conviction in Virginia.,https://www.foxnews.com/politics/virginia-dem-logged-pac-hours-skirt-possible-jail-time-reckless-driving-docs-show,https://static.foxnews.com/foxnews.com/content/uploads/2025/10/jay-jones-rally.jpg,2025-10-02T16:49:23Z,"Virginias Democratic attorney general nominee dodged possible jail time for driving 116 mph by logging 1,000 hours of community service half with his own political action committee and the rest with … [+5041 chars]",fox-news,Fox News
,"White House says federal layoffs could hit 'thousands' ahead of Trump, Vought meeting",White House press secretary Karoline Leavitt warned that thousands of federal employees may face layoffs as the government shutdown continues.,https://www.foxnews.com/politics/white-house-says-federal-layoffs-could-hit-thousands-ahead-trump-vought-meeting,https://static.foxnews.com/foxnews.com/content/uploads/2025/10/karoline-leavitt-white-house.jpg,2025-10-02T16:47:45Z,"The federal government may have to lay off ""thousands"" of employees if the government shutdown continues, White House press secretary Karoline Leavitt warned Thursday.
Leavitt made the comments duri… [+2400 chars]",fox-news,Fox News
,Karoline Leavitt warns Democrats face 'very real' consequences if shutdown standoff drags on,White House press secretary Karoline Leavitt warns Democrats that Trump administration threats to eliminate unnecessary government programs are real.,https://www.foxnews.com/media/karoline-leavitt-warns-democrats-face-very-real-consequences-shutdown-standoff-drags,https://static.foxnews.com/foxnews.com/content/uploads/2025/10/karoline-leavitt-podium-mic.jpg,2025-10-02T16:45:58Z,"White House press secretary Karoline Leavitt warned Democrats Thursday that the Trump administration's threats to eliminate federally funded programs deemed unnecessary are ""very real"" as the governm… [+1678 chars]",fox-news,Fox News
,"NYC mayoral candidates Mamdani, Cuomo air first ads amid government shutdown drama","Zohran Mamdani focused on affordability, while former Gov. Andrew Cuomo emphasized experience in their competing New York City mayoral campaign ads.",https://www.foxnews.com/politics/nyc-mayoral-candidates-mamdani-cuomo-air-first-ads-amid-government-shutdown-drama,https://static.foxnews.com/foxnews.com/content/uploads/2025/10/zohran-mamdani-andrew-cuomo.png,2025-10-02T16:41:32Z,"The government shutdown has become a litmus test in New York Citys mayoral race, as Zohran Mamdani and former Gov. Andrew Cuomo launched their first general election advertisements nearly one month b… [+4847 chars]",fox-news,Fox News
,Larry Fitzgerald says grass fields aren't 'feasible in most places' despite players' injuries,"Larry Fitzgerald says grass fields aren’t practical for all 30 NFL stadiums, despite safety concerns after recent ACL injuries on turf.",https://www.foxnews.com/sports/larry-fitzgerald-says-grass-fields-arent-feasible-most-places-despite-players-injuries,https://static.foxnews.com/foxnews.com/content/uploads/2025/10/malik-nabers-tyreek-hill-cart-split.jpg,2025-10-02T16:40:58Z,"Week 4 of the NFL season saw a number of endings, two of which were season ending.
Malik Nabers and Tyreek Hill both tore their ACLs, Trey Benson injured his knee and Lamar Jackson tweaked a hamstri… [+2232 chars]",fox-news,Fox News
,Yankees reliever Fernando Cruz praises 'powerful giant' after helping save season: 'His name is Jesus Christ',New York Yankees reliever Fernando Cruz credited his faith in Jesus Christ after escaping a crucial seventh-inning jam against the Boston Red Sox in Game 2.,https://www.foxnews.com/sports/yankees-reliever-fernando-cruz-praises-powerful-giant-after-helping-save-season-his-name-jesus-christ,https://static.foxnews.com/foxnews.com/content/uploads/2025/10/fernando-cru-10225.jpg,2025-10-02T16:38:31Z,"In the biggest inning of his life, Fernando Cruz came through.
The New York Yankees were tied with the Boston Red Sox, 3-3, in the top of the seventh when Cruz came in with runners on first and seco… [+1722 chars]",fox-news,Fox News
,Overhaul your fall linen closet with these cozy home upgrades,These fall linen closet essentials will keep you warm through the fall and into the winter.,https://www.foxnews.com/deals/fall-linen-closet-upgrades,https://static.foxnews.com/foxnews.com/content/uploads/2025/09/linen-closet.jpg,2025-10-02T16:38:19Z,"Fall is here, which means its time to switch out your breathable, lightweight linens for warmer options. From flannel sheets to down comforters, warm throws and soft, fall-themed towels, heres everyt… [+4346 chars]",fox-news,Fox News
,Diddy planning unconventional move in court ahead of sentencing for prostitution charges,"Sean ""Diddy"" Combs will address the court for the first time as he's sentenced on two charges of transportation to engage in prostitution. Diddy's sentencing hearing is on Oct. 3.",https://www.foxnews.com/entertainment/diddy-planning-unconventional-move-court-ahead-sentencing-prostitution-charges,https://static.foxnews.com/foxnews.com/content/uploads/2025/07/sean-diddy-combs-trial-day-38-002.jpg,2025-10-02T16:37:58Z,"Sean ""Diddy"" Combs will be allowed to appear in non-prison clothing as he addresses Judge Arun Subramanian at his sentencing hearing on Oct. 3.
His court address will be the first time he's spoken a… [+2321 chars]",fox-news,Fox News
,"EXCLUSIVE: Fannie Mae, Freddie Mac's NY offices to shutter in response to AG James’ ‘corrupt’ practices","New York's Fannie Mae and Freddie Mac offices will shut down, Fox Digital learned, in response to NY Attorney General Letitia James' ""corrupt"" business practices.",https://www.foxnews.com/politics/exclusive-fannie-mae-freddie-macs-ny-offices-shutter-response-ag-james-corrupt-practices,https://static.foxnews.com/foxnews.com/content/uploads/2025/04/letitia-james.jpg,2025-10-02T16:37:32Z,"EXCLUSIVE:New York state's Fannie Mae and Freddie Mac offices will permanently close in direct in response to Attorney General Letitia James' ""corrupt and dangerous business practices"" in the state, … [+3507 chars]",fox-news,Fox News
,Student uproar erupts at elite college after professor put on leave over ties to far-left gun club,"Dwayne Dixon was placed on administrative leave from UNC Chapel Hill over his involvement with anti-fascist gun club Redneck Revolt, sparking campus rallies.",https://www.foxnews.com/us/student-uproar-erupts-elite-college-after-professor-put-on-leave-over-ties-far-left-gun-club,https://static.foxnews.com/foxnews.com/content/uploads/2025/10/dwayne-dixon-redneck-revolt-unc_02.jpg,2025-10-02T16:36:33Z,"The University of North Carolina at Chapel Hill community rallied in the center of campus on Wednesday for and against a professor who was involved in an anti-fascist gun club. 
Dwayne Dixon was pla… [+6548 chars]",fox-news,Fox News
Allison Strasius,FOX NEWS LEADS ALL NEWS BRANDS WITH 1.1 BILLION YOUTUBE VIEWS IN THIRD QUARTER,"FOX News Marks Fourth Consecutive Quarter at Number One on YouTube NEW YORK — October 2, 2025 — FOX News Media closed out the third quarter as the top news brand in the competitive set on YouTube, notching 1.1 billion video views, according to Emplifi. FOX Ne…",https://press.foxnews.com/2025/10/fox-news-leads-all-news-brands-with-1-1-billion-youtube-views-in-third-quarter,,2025-10-02T16:06:48Z,"FOX News Marks Fourth Consecutive Quarter at Number One on YouTube
NEW YORK October 2, 2025 FOX News Media closed out the third quarter as the top news brand in the competitive set on YouTube, notch… [+2348 chars]",fox-news,Fox News
,Michelle Pfeiffer says being a grandmother made her fall in love with acting again,"Michelle Pfeiffer reveals she became a grandmother last year during an appearance on the ""SmartLess"" podcast, explaining how the life change has improved her acting.",https://www.foxnews.com/entertainment/michelle-pfeiffer-says-being-grandmother-made-fall-love-acting-again,https://static.foxnews.com/foxnews.com/content/uploads/2025/09/michelle-pfeiffer-red-carpet.jpg,2025-10-02T16:01:54Z,"Becoming a grandmother has changed Michelle Pfeiffer's approach to acting.
Pfeiffer, 67, revealed the news during Monday's episode of the ""SmartLess"" podcast. The ""Scarface"" star opened up about how… [+3132 chars]",fox-news,Fox News
,"Trump’s DOGE savings dwarfed by Medicare, Social Security spending, watchdog finds","Citing massive spending on federal entitlement programs, a new report from fiscal watchdog OpenTheBooks urges for greater spending transparency at the federal level.",https://www.foxnews.com/politics/trumps-doge-savings-dwarfed-medicare-social-security-spending-watchdog-finds,https://static.foxnews.com/foxnews.com/content/uploads/2024/11/807c84c5-congress-spending.jpg,2025-10-02T19:58:21Z,"A conservative watchdog says Trumps much-hyped DOGE cuts are a drop in the bucket compared to Americas ballooning entitlement spending.
OpenTheBooks, a conservative fiscal watchdog group, released a… [+3124 chars]",fox-news,Fox News
,"Reagan-appointed judge, once rebuked by Supreme Court, continues to lambaste Trump","Reagan-appointed judge William Young blocked Trump administration policies targeting pro-Palestinian activists and NIH research grants, describing the conduct as bullying.",https://www.foxnews.com/politics/reagan-appointed-judge-once-rebuked-supreme-court-continues-lambaste-trump,https://static.foxnews.com/foxnews.com/content/uploads/2025/10/donald-trump-arms-spread-podium.jpg,2025-10-02T19:57:35Z,"A federal judge appointed by Ronald Reagan has made headlines this year for penning some of the most blistering opinions against President Donald Trump
s executive orders including in one case where… [+3843 chars]",fox-news,Fox News
,Fox News Politics Newsletter: Government shutdown drags on,"Welcome to the Fox News Politics newsletter, with the latest updates on the Trump administration, Capitol Hill and more Fox News politics content.",https://www.foxnews.com/politics/fox-news-politics-newsletter-government-shutdown-drags,https://static.foxnews.com/foxnews.com/content/uploads/2025/10/donald-trump-pointing-finger-in-oval-office-remarks.jpg,2025-10-02T19:53:48Z,"Welcome to the Fox News Politics newsletter, with the latest updates on the Trump administration, Capitol Hill and more Fox News politics content. Here's what's happening
-EXCLUSIVE: Fannie Mae, Fre… [+2967 chars]",fox-news,Fox News
,Keith Urban seen for first time since Nicole Kidman divorce filing,"Country singer Keith Urban was spotted for the first time since estranged wife Nicole Kidman filed for divorce on the grounds of ""irreconcilable differences.""",https://www.foxnews.com/entertainment/keith-urban-seen-first-time-nicole-kidman-divorce-filing,https://static.foxnews.com/foxnews.com/content/uploads/2025/10/keith-urban.jpg,2025-10-02T19:40:51Z,"Keith Urban was pictured for the first time since his estranged wife, Nicole Kidman, filed for divorce two days ago.
In exclusive photos obtained by Fox News Digital, Urban, 57, stepped off a plane … [+1346 chars]",fox-news,Fox News
,Eric Trump reveals how Donald Trump brought 'levity' to conversation after Butler assassination attempt,"President Donald Trump's son, Eric Trump, told the hosts of the ""Ruthless Podcast"" that his father brought levity to their first conversation after the Butler shooting.",https://www.foxnews.com/media/eric-trump-reveals-how-donald-trump-brought-levity-conversation-after-butler-assassination-attempt,https://static.foxnews.com/foxnews.com/content/uploads/2025/10/donald-trump-eric-trump.jpg,2025-10-02T19:40:15Z,"Eric Trump, son of President Donald Trump, discussed in an interview Thursday how his father used humor to bring levity after the 2024 assassination attempt in Butler, Pennsylvania.
""I was the first… [+2237 chars]",fox-news,Fox News
,Youngkin orders protection of women’s rooms as Loudoun schools ask students to promote ‘Coming Out Day',Governor Glenn Youngkin orders protection of women's locker rooms as Loudoun County schools celebrate LGBTQ+ History Month and promote National Coming Out Day.,https://www.foxnews.com/politics/youngkin-orders-protection-womens-rooms-loudoun-schools-ask-students-promote-coming-out-day,https://static.foxnews.com/foxnews.com/content/uploads/2025/06/supreme-court-trans-protest.jpg,2025-10-02T19:38:11Z,Virginia Gov. Glenn Youngkin signed an executive order on Thursday directing the Virginia Board of Health to draft regulations preventing biological males from participating in female sports and chan… [+4669 chars],fox-news,Fox News
,"Caitlin Clark calls for 'great leadership,' Sophie Cunningham doubles down on WNBA commissioner condemnation",Indiana Fever stars Caitlin Clark and Sophie Cunningham addressed the controversy surrounding the WNBA and Commissioner Cathy Engelbert during their exit interviews Thursday.,https://www.foxnews.com/sports/caitlin-clark-calls-great-leadership-sophie-cunningham-doubles-down-wnba-commissioner-condemnation,https://static.foxnews.com/foxnews.com/content/uploads/2025/10/sophie-cunningham-caitlin-clark-wnba-001.jpg,2025-10-02T19:33:21Z,"Indiana Fever star Caitlin Clark
 emphasized the need for ""great leadership"" amid the controversy that has engulfed the WNBA following alleged remarks made by Commissioner Cathy Engelbert. 
Meanwhi… [+3513 chars]",fox-news,Fox News
,Former Politico reporter says pressure of govt shutdown will ‘skyrocket on Democrats’,Political analyst Rachel Bade said Republicans can leverage government shutdown impacts on workers and services to pressure Democrats into abandoning their stance.,https://www.foxnews.com/media/former-politico-reporter-pressure-govt-shutdown-skyrocket-democrats,https://static.foxnews.com/foxnews.com/content/uploads/2025/09/chuck-schumer-and-hakeem-jeffries.png,2025-10-02T19:30:24Z,"Former Politico reporter Rachel Bade said Thursday that the mounting pressure from the partial government shutdown will ""skyrocket"" on the Democratic Party.
Bade made the point during an interview o… [+3641 chars]",fox-news,Fox News
,Fox News ‘Antisemitism Exposed’ Newsletter: Terror strikes on holiest day,"Fox News' ""Antisemitism Exposed"" newsletter brings you stories on the rising anti-Jewish prejudice across the U.S. and the world.",https://www.foxnews.com/us/fox-news-antisemitism-exposed-newsletter-terror-strikes-holiest-day,https://static.foxnews.com/foxnews.com/content/uploads/2025/03/trump-gaza.jpg,2025-10-02T19:11:29Z,"Fox News' ""Antisemitism Exposed"" newsletter brings you stories on the rising anti-Jewish prejudice across the U.S. and the world.
IN TODAYS NEWSLETTER:- UK terror attack outside synagogue leaves 2 d… [+3249 chars]",fox-news,Fox News
,UK synagogue attack and Hamas hostage crisis underscore deadly Yom Kippur,Antisemitic incidents in the U.K. and U.S. have surged following the October 7 Hamas attacks on Israel as the world still awaits the return of hostages.,https://www.foxnews.com/world/uk-synagogue-attack-hamas-hostage-crisis-underscore-deadly-yom-kippur,https://static.foxnews.com/foxnews.com/content/uploads/2025/10/attack-manchester.jpg,2025-10-02T19:01:00Z,"The persistent threat of antisemitism was underscored Thursday after at least two people were killed in a U.K. synagogue attack. The violence unfolded as millions of Jews marked Yom Kippur, the holie… [+4108 chars]",fox-news,Fox News
,DAVID MARCUS: Trump repeats DC magic as Portland's Antifa thugs retreat,President Trump's deployment of federal agents to Portland's ICE facility leads to significant retreat of Antifa protesters after over 100 days of nightly demonstrations.,https://www.foxnews.com/opinion/david-marcus-trump-repeats-dc-magic-portlands-antifa-thugs-retreat,https://static.foxnews.com/foxnews.com/content/uploads/2025/10/capitalism-is-fascism.jpg,2025-10-02T18:59:44Z,"For the first time in months, the Immigration and Customs Enforcement agency building here was not besieged Wednesday night by Antifa creeps, who have clearly been scared off by the Trump administrat… [+4326 chars]",fox-news,Fox News
,New poll reveals how Pennsylvania Dems feel about Fetterman bucking his party,Pennsylvania Senator John Fetterman's approval ratings flip dramatically as Democrats turn against him and Republicans embrace his recent bipartisan positions.,https://www.foxnews.com/politics/new-poll-reveals-how-pennsylvania-dems-feel-about-fetterman-bucking-his-party,https://static.foxnews.com/foxnews.com/content/uploads/2024/12/fetterman-1.jpg,2025-10-02T18:56:50Z,"Democratic Sen. John Fetterman of Pennsylvania, who has repeatedly bucked party lines this year, is getting a big thumbs down from Democrats in his home state.
And as Democrats turn on Fetterman, th… [+2742 chars]",fox-news,Fox News
,Prostate cancer patients see longer survival with new combination drug,A UCLA study shows that a new treatment combining a radioactive drug with radiation therapy could help delay hormone therapy for men with recurring prostate cancer.,https://www.foxnews.com/health/prostate-cancer-patients-see-longer-survival-new-combination-drug,https://static.foxnews.com/foxnews.com/content/uploads/2025/10/prostate-cancer-radiation-therapy.jpg,2025-10-02T18:39:16Z,"A new treatment strategy tested by UCLA researchers could offer new hope for men whose prostate cancer has returned after initial treatment.
This approach could also help delay the need for hormone … [+2832 chars]",fox-news,Fox News
,South Carolina AG demands death penalty against career criminal charged in college student’s murder,South Carolina Attorney General Alan Wilson pressures Fifth Circuit Solicitor Byron Gipson to seek death penalty against Alexander Dickey for allegedly murdering Logan Federico.,https://www.foxnews.com/us/south-carolina-ag-demands-death-penalty-against-career-criminal-charged-college-students-murder,https://static.foxnews.com/foxnews.com/content/uploads/2025/09/logan-federico-fox-news.jpg,2025-10-02T18:35:27Z,"South Carolinas attorney general is pressuring a local prosecutor to seek the death penalty against the man accused of murdering 22-year-old college student Logan Hailey Federico.
Attorney General A… [+2334 chars]",fox-news,Fox News
,"With the government shutdown threatening air travel, a GOP bill seeks to keep flights running","As federal agencies hunker down for what could be a protracted government shutdown, Rep. Aaron Bean, R-Fla., is introducing a bill to make sure that flights can continue on schedule.",https://www.foxnews.com/politics/government-shutdown-threatening-air-travel-gop-bill-seeks-keep-flights-running,https://static.foxnews.com/foxnews.com/content/uploads/2025/10/flight-delays-airport-aaron-bean.png,2025-10-02T18:23:21Z,"EXCLUSIVE: As federal agencies hunker down for what could be a protracted government shutdown, Rep. Aaron Bean, R-Fla., is introducing a bill to make sure that Americans flights can continue on sched… [+3173 chars]",fox-news,Fox News
,Prince William says royal family blindsided as cancer ‘pulled the rug from under our feet’ in rare interview,"In the trailer for the upcoming episode of “The Reluctant Traveler with Eugene Levy,"" Prince William gets candid about the cancer diagnoses that rocked his family.",https://www.foxnews.com/entertainment/prince-william-says-royal-family-blindsided-cancer-pulled-rug-from-under-our-feet-rare-interview,https://static.foxnews.com/foxnews.com/content/uploads/2025/10/prince-william-kate-middleton-king-charles.jpg,2025-10-02T18:18:40Z,"Prince William is opening up about a dark time in his past.
In the trailer for the upcoming episode of Apple TV+s ""The Reluctant Traveler with Eugene Levy,"" the Prince of Wales got candid about the … [+2997 chars]",fox-news,Fox News
,Emotional Kylie Kelce opens up about miscarriage - which she found out about on husband Jason's birthday,Philadelphia Eagles legend Jason Kelce's wife Kylie discussed her traumatic miscarriage experience and how it affected her anxiety during subsequent pregnancies.,https://www.foxnews.com/sports/emotional-kylie-kelce-opens-up-about-miscarriage-which-she-found-out-about-husband-jasons-birthday,https://static.foxnews.com/foxnews.com/content/uploads/2025/10/kylie-kelce-10225.jpg,2025-10-02T18:16:44Z,"October is Pregnancy and Infant Loss Awareness Month, which prompted Jason Kelce's wife, Kylie, to open up about her miscarriage.
Despite the miscarriage happening well before they welcomed any of t… [+2861 chars]",fox-news,Fox News
,Americans on alert as popular tourist hot spot now enforcing digital IDs at border,"All visitors to Taiwan must now complete a ""digital arrival"" card application three days before travel as part of a global trend toward modernized border systems.",https://www.foxnews.com/travel/americans-alert-popular-tourist-hot-spot-enforcing-digital-ids-border,https://static.foxnews.com/foxnews.com/content/uploads/2025/10/taiwan-requires-new-digital-arrival-card-fox-news.jpg,2025-10-02T18:02:18Z,"A new procedure for all incoming visitors has been launched in a popular tourist spot in an effort to streamline the travel process, plus security.
Travelers to Taiwan are now required to apply for … [+2261 chars]",fox-news,Fox News
,Alabama researchers name new crab species after Nick Saban following discovery,"University of Alabama researchers discovered an ancient crab species and named it ""Costacopluma nicksabani"" after former football coach Nick Saban.",https://www.foxnews.com/sports/alabama-researchers-name-new-crab-species-after-nick-saban-following-discovery,https://static.foxnews.com/foxnews.com/content/uploads/2025/10/nick-saban-crab.jpg,2025-10-02T21:59:05Z,"Nick Saban's influence continues in Alabama even though he's no longer the Crimson Tide head coach. 
This time, it has nothing to do with football. It involves an ancient species of crab. 
Saban ha… [+2421 chars]",fox-news,Fox News
,'The View' co-host Sunny Hostin says pro-lifers hypocritical if they have AR-15s,"Pope Leo XIV's comments on pro-life consistency sparked discussion on ""The View"" as co-host Sunny Hostin criticized Christians who support the death penalty and own guns.",https://www.foxnews.com/media/the-view-co-host-sunny-hostin-says-pro-lifers-hypocritical-have-ar-15s,https://static.foxnews.com/foxnews.com/content/uploads/2025/10/sunny-hostin-at-event.png,2025-10-02T21:51:32Z,"Sunny Hostin, one of the more liberal co-hosts of ""The View,"" argued Thursday that it is hypocritical for someone to say they are pro-life but have ""AR-15s in their cabinet.""
On Tuesday, Pope Leo XI… [+2598 chars]",fox-news,Fox News
,"'Come-to-Jesus meeting’: Military community reacts to Hegseth's get fit, get in line or get out speech",Military leaders received blunt orders from War Secretary Pete Hegseth about fitness standards and Trump administration policies at a historic Quantico meeting.,https://www.foxnews.com/politics/come-to-jesus-meeting-military-community-reacts-hegseths-get-fit-get-line-get-out-speech,https://static.foxnews.com/foxnews.com/content/uploads/2025/10/hegseth-quantico-generals.jpg,2025-10-02T21:26:28Z,"War Secretary Pete Hegseth
 delivered a blunt message to military leaders from around the globe this week: get fit, get on board with the Trump agenda or get out.
It marked the first time generals … [+6430 chars]",fox-news,Fox News
,Virginia voters sue to boot Democrat off ballot in district that could decide state House majority,"Three Stafford County voters challenge Democrat Stacey Carroll's candidacy, claiming she lives in district 23 rather than district 64 where she filed to run for Virginia House.",https://www.foxnews.com/politics/virginia-voters-sue-boot-democrat-off-ballot-district-could-decide-state-house-majority,https://static.foxnews.com/foxnews.com/content/uploads/2025/10/glenn-youngkins-inauguration-at-virginia-state-capitol.png,2025-10-02T21:18:33Z,"A new court filing claims a Democratic candidate for a hotly contested, GOP-held Virginia House of Delegates seat doesnt live in the district she seeks to represent a dispute that could shape control… [+4306 chars]",fox-news,Fox News
,"Ryder Cup host denies leading obscene Rory McIlroy chants that led to resignation, apologizes for repeating",Comedian Heather McMahan denied leading hostile chants at the Ryder Cup Saturday that led to her stepping down from her role as a host.,https://www.foxnews.com/sports/ryder-cup-host-denies-leading-obscene-rory-mcilroy-chants-led-resignation-apologizes-repeating,https://static.foxnews.com/foxnews.com/content/uploads/2025/10/heather-mcmahon-rory-mcilroy-split.jpg,2025-10-02T21:14:09Z,"Comedian Heather McMahan has spoken up about her controversial Ryder Cup
 moment that resulted in her resignation as the designated hype woman of the first tee after she participated in hostile chan… [+3197 chars]",fox-news,Fox News
,Paramount set to announce deal for Bari Weiss to join CBS News: report,Puck News correspondent Dylan Byers reported on X Thursday that Paramount will announce a deal to acquire The Free Press and its founder Bari Weiss on Monday.,https://www.foxnews.com/media/paramount-set-announce-deal-bari-weiss-join-cbs-news-report,https://static.foxnews.com/foxnews.com/content/uploads/2025/09/bari-weiss-november-2024.jpg,2025-10-02T20:54:23Z,"Paramount is reportedly set to announce a deal for Bari Weiss to join CBS News, according to Puck News on Thursday.
Correspondent Dylan Byers reported on X that Paramount will announce the deal to a… [+2080 chars]",fox-news,Fox News
,Caster Semenya ends legal battle over sex eligibility in women's track and field,Caster Semenya concluded a legal fight over track and field rules requiring DSD athletes with high testosterone levels to compete against men instead of women.,https://www.foxnews.com/sports/caster-semenya-ends-legal-battle-over-sex-eligibility-womens-track-field,https://static.foxnews.com/foxnews.com/content/uploads/2023/11/Caster-Semenya2.jpg,2025-10-02T20:52:48Z,"South African track and field Olympian Caster Semenya has ended a seven-year legal challenge against sex eligibility rule in the sport, according to The Associated Press. 
""Casters legal challenge r… [+5185 chars]",fox-news,Fox News
,The agency staff Vought might recommend cutting and whether the cuts will be permanent,"Thousands of federal employees could face layoffs, with an experts saying the Department of Education and other agencies could likely see cuts during the funding lapse.",https://www.foxnews.com/politics/agency-staff-vought-might-recommend-cutting-whether-cuts-permanent,https://static.foxnews.com/foxnews.com/content/uploads/2025/10/russell-vought2.jpg,2025-10-02T20:49:47Z,Office of Management and Budget (OMB) chief Russell Vought and President Donald Trump are in the midst of mapping out cuts to the federal government after lawmakers on Capitol Hill failed to reach a … [+8518 chars],fox-news,Fox News
,"Pot and gaming combo could pose hidden health risks, researchers warn","As the Trump administration considers reclassifying marijuana as Schedule III, new research shows that gaming and cannabis use may trigger psychotic episodes.",https://www.foxnews.com/health/pot-gaming-combo-could-pose-hidden-health-risks-researchers-warn,https://static.foxnews.com/foxnews.com/content/uploads/2025/10/smoking-weed-gaming-friends-psychosis.jpg,2025-10-02T20:44:59Z,"Smoking marijuana and playing some video games may seem like a chill night for some but both hobbies have been linked with psychosis in a variety of studies.
As the Trump administration considers re… [+3308 chars]",fox-news,Fox News
,Marvel star Brie Larson stuns in bikini during luxurious Mexican getaway,Marvel star Brie Larson posts Instagram photos of paddleboarding in an orange bikini during her stay at Hotel Esencia on Mexico's Riviera Maya.,https://www.foxnews.com/entertainment/marvel-star-brie-larson-stuns-bikini-during-luxurious-mexican-getaway,https://static.foxnews.com/foxnews.com/content/uploads/2025/10/brie-larson-armani-show-2024.jpg,2025-10-02T20:28:42Z,"Brie Larson shared several photos of her recent trip to Mexico on social media this week, including a rare bikini snap.
The Marvel star sported an orange-hued multicolor swimsuit and a straw hat whi… [+1283 chars]",fox-news,Fox News
,Former NFL quarterback Jay Cutler released from prison one day early after serving DUI sentence: report,Ex-NFL quarterback Jay Cutler finished his jail sentence for driving under the influence and must attend DUI safety classes during one year of probation.,https://www.foxnews.com/sports/former-nfl-quarterback-jay-cutler-released-from-prison-one-day-early-after-serving-dui-sentence-report,https://static.foxnews.com/foxnews.com/content/uploads/2025/10/jay-cutler-10225.jpg,2025-10-02T20:21:59Z,"Jay Cutler's time in prison has come to an end.
The former Chicago Bears quarterback was sentenced to four days in jail as part of a plea deal for a misdemeanor DUI but got out after serving three.… [+1922 chars]",fox-news,Fox News
,Knicks' Josh Hart ejected from preseason game vs. 76ers after launching ball into stands following injury,New York Knicks star Josh Hart was ejected from the preseason opener against the Philadelphia 76ers in Abu Dhabi after throwing the ball into the stands.,https://www.foxnews.com/sports/knicks-josh-hart-ejected-from-preseason-game-vs-76ers-after-launching-ball-stands-following-injury,https://static.foxnews.com/foxnews.com/content/uploads/2025/10/josh-hart-injury.jpg,2025-10-02T20:20:36Z,"New York Knicks star Josh Hart was ejected from the team's preseason opener against the Philadelphia 76ers in Abu Dhabi, and suffered an injury in the process. 
Hart, as he usually does, was fightin… [+1972 chars]",fox-news,Fox News
,Unearthed debate clip goes viral against Dems as illegal immigrant health coverage becomes top issue,Government shutdown debate intensifies as 2020 Democratic primary clip resurfaces showing ten candidates backing illegal immigrant healthcare coverage.,https://www.foxnews.com/politics/unearthed-debate-clip-goes-viral-against-dems-as-illegal-immigrant-health-coverage-becomes-top-issue,https://static.foxnews.com/foxnews.com/content/uploads/2025/10/democrat-debate-miami-2019.png,2025-10-02T20:19:44Z,"As the federal government shutdown continues, a clip from the 2020 Democratic presidential primary went viral when the candidates were asked if they support providing healthcare to those in the count… [+3394 chars]",fox-news,Fox News
,Charlie Kirk has Florida highway named after him,"Lake County Commissioner Anthony Sabatini proposed naming a Claremont, Florida highway after Charlie Kirk following the conservative activist's assassination.",https://www.foxnews.com/media/charlie-kirk-has-florida-highway-named-after-him,https://static.foxnews.com/foxnews.com/content/uploads/2025/10/charlie-kirk-memorial-highway-sign.jpg,2025-10-02T20:16:17Z,"A highway in Clermont, Florida, has been named after Charlie Kirk
 to memorialize the late conservative activist who was assassinated last month in Utah.
A spokesperson confirmed with Fox News Digi… [+2400 chars]",fox-news,Fox News
,Super Bowl champ speaks out after his high school football team suffers 100-0 loss,Former Dallas Cowboys running back Sherman Williams came to his team's defense on Wednesday after getting flak for a 100-0 defeat last weekend.,https://www.foxnews.com/sports/super-bowl-champ-speaks-out-after-his-high-school-football-team-suffers-100-0-loss,https://static.foxnews.com/foxnews.com/content/uploads/2025/10/nfl-cowboys-sherman-williams-100225-1.jpg,2025-10-02T20:16:13Z,"Former Dallas Cowboys running back Sherman Williams was at the helm of an Alabama high school football team that lost 100-0 last week.
Williams is the head coach of Murphy High School. The team suff… [+1914 chars]",fox-news,Fox News
,FLASHBACK: James Comey urged officials to always prosecute high-profile perjury cases,"Former FBI Director James Comey was indicted Friday on federal charges for allegedly lying to Congress, despite previously prosecuting Martha Stewart for similar offenses.",https://www.foxnews.com/politics/flashback-james-comey-urged-officials-always-prosecute-high-profile-perjury-cases,https://static.foxnews.com/foxnews.com/content/uploads/2025/10/martha-stewart-james-comey.jpg,2025-10-02T20:16:12Z,"Former FBI Director James Comey, who was indicted Friday on two federal charges alleging that he issued a false statement to Congress and obstructed justice, previously has called for those who lie u… [+6869 chars]",fox-news,Fox News
,"Former Des Moines Schools superintendent taken into DOJ custody on federal firearms, immigration charges","Ian Roberts, who resigned as Des Moines Public Schools superintendent, was charged by federal prosecutors with illegal firearm possession while in the country illegally.",https://www.foxnews.com/us/former-des-moines-schools-superintendent-taken-doj-custody-federal-firearms-immigration-charges,https://static.foxnews.com/foxnews.com/content/uploads/2025/10/ian-roberts-des-moines-board-schools.jpg,2025-10-02T20:01:09Z,"The former Iowa school district superintendent detained by immigration authorities last week has been taken into custody by the Justice Department.
Ian Roberts, who led Des Moines Public Schools (DM… [+2191 chars]",fox-news,Fox News
,"Idaho judge calls Bryan Kohberger murder scene pictures ‘incredibly disturbing,’ blocks release","An Idaho judge blocked the release of certain graphic images related to the murders of Ethan Chapin, Madison Mogen, Xana Kernodle and Kaylee Goncalves.",https://www.foxnews.com/us/idaho-judge-calls-bryan-kohberger-murder-scene-pictures-incredibly-disturbing-blocks-release,https://static.foxnews.com/foxnews.com/content/uploads/2025/08/kohberger-in-court.png,2025-10-02T23:46:24Z,"A judge in Idaho has blocked the release of graphic images from the home where Bryan Kohberger murdered four college students.
Second District Judge Megan Marshall issued the ruling on Wednesday, wr… [+2607 chars]",fox-news,Fox News
,"David Hogg’s PAC spent millions on consultants, ads and fitness classes, records show: report","Despite a $20M pledge, David Hogg’s PAC spent millions on consultants, ads and even fitness classes, with just $455K going to progressive candidates.",https://www.foxnews.com/politics/david-hoggs-pac-spent-millions-consultants-ads-fitness-classes-records-show,https://static.foxnews.com/foxnews.com/content/uploads/2025/02/david-hogg.jpg,2025-10-02T23:32:14Z,"Despite pledging to spend $20 million to back younger, more progressive candidates, a PAC led by Democratic activist David Hogg has spent millions of dollars on political consultants, ads, and even f… [+2758 chars]",fox-news,Fox News
,American trust in media reaches record low in new Gallup poll,"Americans’ trust in mainstream media fell to a record low at only 28% with a ""great deal"" or ""fair amount"" of trust, according to the latest Gallup poll results.",https://www.foxnews.com/media/american-trust-media-reaches-record-low-new-gallup-poll,https://static.foxnews.com/foxnews.com/content/uploads/2025/10/man-watches-mainstream-media.jpg,2025-10-02T23:00:27Z,"More than seven in 10 Americans distrust the mainstream media, according to a new Gallup poll released Thursday.
The survey found that only 28% of Americans expressed a ""great deal"" or ""fair amount""… [+2287 chars]",fox-news,Fox News
,"Diddy begs judge for leniency, says God made him ‘stronger, wiser, clean, sober’","Sean ""Diddy"" Combs submitted an apology letter before sentencing hearing where prosecutors seek 11 years and defense requests 14 months for conviction.",https://www.foxnews.com/entertainment/diddy-begs-judge-leniency-god-made-stronger-wiser-clean-sober,https://static.foxnews.com/foxnews.com/content/uploads/2025/10/diddy-pray.jpg,2025-10-02T22:39:36Z,"Sean ""Diddy"" Combs apologized for ""all of the hurt and pain"" he caused because of his conduct in a letter submitted to the court ahead of Friday's sentencing.
""I take full responsibility and account… [+4185 chars]",fox-news,Fox News
,Steelers safety DeShon Elliott tells NFL to 'count your f---- days' after uniform fine,"Pittsburgh Steelers safety DeShon Elliott posted an angry Instagram message telling the NFL to ""count your f---- days"" after receiving a uniform fine.",https://www.foxnews.com/sports/steelers-safety-deshon-elliott-tells-nfl-count-your-f-days-after-uniform-fine,https://static.foxnews.com/foxnews.com/content/uploads/2025/10/deshon-elliott-nfl-fine.jpg,2025-10-02T22:39:08Z,"Pittsburgh Steelers safety DeShon Elliott is not happy about the recent fine he got from the NFL, and he let everyone know. 
Elliott told the league to ""count your f---- days"" in an Instagram Storie… [+2137 chars]",fox-news,Fox News
,Russian leader responds to American conservative's murder: 'A disgusting atrocity',Russian President Vladimir Putin called Charlie Kirk's assassination a sign of deep division in American society while offering his condolences.,https://www.foxnews.com/world/russian-leader-responds-american-conservatives-murder-a-disgusting-atrocity,https://static.foxnews.com/foxnews.com/content/uploads/2025/10/putin-condemns-charlie-kirk-assassination.jpg,2025-10-02T22:34:12Z,"Russian President Vladimir Putin on Thursday said the assassination of Charlie Kirk was a sign of a ""deep rift"" in American society, while offering his condolences to the family of the late conservat… [+2013 chars]",fox-news,Fox News
,"Hawley blasts FDA approval of new abortion drug, cites safety and trust concerns",FDA approves generic Mifepristone from company Evita Solutions as Sen. Josh Hawley blasts agency for regulatory failure and endangering women's health.,https://www.foxnews.com/politics/hawley-blasts-fda-approval-new-abortion-drug-cites-safety-trust-concerns,https://static.foxnews.com/foxnews.com/content/uploads/2025/05/hawley-abortion-pill.jpg,2025-10-02T22:33:02Z,"Sen. Josh Hawley, R-Mo., accused the Food and Drug Administration (FDA) of endangering womens health, saying the agency approved another chemical abortion drug without the thorough safety review it h… [+3691 chars]",fox-news,Fox News
,AJ Brown explains cryptic social media post after Eagles win over Bucs: 'I let my frustrations boil over',"A.J. Brown clarified his viral post, saying it wasn't aimed at anyone associated with the Philadelphia Eagles. He also said he let frustrations show during the team's 4-0 start.",https://www.foxnews.com/sports/aj-brown-explains-cryptic-social-media-post-after-eagles-win-over-bucs-i-let-my-frustrations-boil-over,https://static.foxnews.com/foxnews.com/content/uploads/2025/10/aj-brown-philadelphia-eagles-100225.jpg,2025-10-02T22:15:49Z,"The defending champion Philadelphia Eagles are one of just two teams entering Week 5 of the season with an unblemished record.
But A.J. Brown, the team's star wide receiver, has just one touchdown r… [+2386 chars]",fox-news,Fox News
,Tennessee set to execute first woman in more than two centuries,"Tennessee's Supreme Court set an execution date for Christa Gail Pike, the only woman on the state's death row, who killed 19-year-old Colleen Slemmer in 1995 when Pike was 18.",https://www.foxnews.com/us/tennessee-set-execute-first-woman-more-two-centuries,https://static.foxnews.com/foxnews.com/content/uploads/2025/10/christa-spike-tennessee-death-row.jpeg,2025-10-02T22:01:43Z,"Tennessee is preparing to execute a woman for the first time in more than two centuries, after the states Supreme Court set the execution date for Christa Gail Pike, the only woman on Tennessees deat… [+2750 chars]",fox-news,Fox News
,Harvard hires drag queen ‘LaWhore Vagistan’ as visiting professor in gender and sexuality studies,Tufts Professor Kareem Khubchandani will teach courses on queer ethnography and drag politics at Harvard as the 2025-2026 F.O. Matthiessen visiting professor.,https://www.foxnews.com/media/harvard-hires-drag-queen-lawhore-vagistan-visiting-professor-gender-sexuality-studies,https://static.foxnews.com/foxnews.com/content/uploads/2025/10/lawhore-vagistan.jpg,2025-10-02T22:00:24Z,"Harvard University announced the hiring of a new visiting gender and sexuality professor who also happens to be a drag queen
 and goes by the name of ""LaWhore Vagistan."" 
In a recent press release… [+1892 chars]",fox-news,Fox News
